studyid,usubjid,aeterm,aedecod,aebodsys,aestdtc,aeendtc,aeseq
ABC001,ABC001-101-01,Impedit voluptates cambiado.,AE Decode 3,Body System 10,2014-06-24,2014-07-17,1
ABC001,ABC001-101-01,Maxime accusamus ratione ipsam iure aut optio.,AE Decode 10,Body System 8,2014-07-19,2014-07-21,2
ABC001,ABC001-101-02,Impedit maxime et voluptatum rerum.,AE Decode 3,Body System 7,2014-03-07,2014-03-07,3
ABC001,ABC001-101-02,Labore sapiente id.,AE Decode 9,Body System 8,2014-03-09,2014-04-24,4
ABC001,ABC001-101-02,Modi molestias ea.,AE Decode 7,Body System 2,2014-03-18,2014-03-27,5
ABC001,ABC001-101-02,Adipisci earum et repellat dolorem autem.,AE Decode 4,Body System 10,2014-03-23,,6
ABC001,ABC001-101-02,Corrupti accusantium itaque eius.,AE Decode 7,Body System 10,2014-04-25,,7
ABC001,ABC001-101-04,Et culpa quo a nisi exercitationem.,AE Decode 8,Body System 8,2014-04-13,,8
ABC001,ABC001-101-04,Accusamus sapiente repellendus dolor sit neque.,AE Decode 1,Body System 8,2014-03-30,,9
ABC001,ABC001-101-05,Praesentium itaque ducimus.,AE Decode 2,Body System 9,2014-05-11,,10
ABC001,ABC001-101-05,Quidem numquam dignissimos suscipit nisi vero.,AE Decode 3,Body System 3,2014-03-18,2014-04-09,11
ABC001,ABC001-101-05,Deleniti possimus.,AE Decode 5,Body System 3,2014-04-18,,12
ABC001,ABC001-101-05,Optio voluptates a enim.,AE Decode 8,Body System 6,2014-04-19,2014-04-21,13
ABC001,ABC001-102-02,Reiciendis explicabo consequuntur et molestiae.,AE Decode 10,Body System 10,2014-05-21,2014-06-29,14
ABC001,ABC001-102-03,Nostrum necessitatibus cupiditate repellendus et qui eum.,AE Decode 2,Body System 5,2014-11-29,2014-12-01,15
ABC001,ABC001-102-05,Architecto aperiam.,AE Decode 10,Body System 4,2014-05-14,,16
ABC001,ABC001-102-05,Corporis aliquid vero omnis non quia quae.,AE Decode 2,Body System 4,2014-05-07,,17
ABC001,ABC001-102-05,Ad ipsam animi fuga quia velit et.,AE Decode 7,Body System 9,2014-05-20,,18
ABC001,ABC001-102-05,Eaque neque vero ea est nihil.,AE Decode 9,Body System 7,2014-05-22,,19
ABC001,ABC001-102-05,Doloribus dolore fuga autem totam.,AE Decode 3,Body System 5,2014-03-11,2014-03-24,20
ABC001,ABC001-102-05,Perferendis numquam alias voluptatibus nihil quos.,AE Decode 4,Body System 6,2014-04-24,2014-05-18,21
ABC001,ABC001-102-05,Voluptas voluptatem voluptas eum autem nesciunt ut.,AE Decode 3,Body System 5,2014-03-04,,22
ABC001,ABC001-102-05,Ut dicta quaerat.,AE Decode 7,Body System 5,2014-04-08,2014-04-27,23
ABC001,ABC001-102-06,Accusantium aspernatur.,AE Decode 2,Body System 7,2014-09-15,2014-09-20,24
ABC001,ABC001-102-10,Ullam sit.,AE Decode 3,Body System 5,2014-06-13,2014-06-15,25
ABC001,ABC001-102-10,Et excepturi qui deleniti.,AE Decode 8,Body System 10,2014-05-11,2014-06-04,26
ABC001,ABC001-102-10,Reprehenderit nulla eum.,AE Decode 4,Body System 5,2014-04-23,,27
ABC001,ABC001-102-10,Cum enim consequatur suscipit.,AE Decode 4,Body System 4,2014-06-14,2014-06-14,28
ABC001,ABC001-102-10,Quis ab ut molestias.,AE Decode 10,Body System 9,2014-05-06,2014-05-21,29
ABC001,ABC001-102-10,Tenetur deserunt optio delectus voluptatibus qui.,AE Decode 6,Body System 6,2014-04-10,2014-04-24,30
ABC001,ABC001-102-10,Reiciendis sint pariatur illum est.,AE Decode 1,Body System 4,2014-04-25,,31
ABC001,ABC001-102-10,Expedita modi delectus.,AE Decode 8,Body System 5,2014-04-08,,32
ABC001,ABC001-103-01,Minus beatae est sequi iure in quibusdam.,AE Decode 9,Body System 6,2014-05-22,2014-05-24,33
ABC001,ABC001-103-01,Impedit sit occaecati quidem.,AE Decode 1,Body System 8,2014-05-19,2014-05-20,34
ABC001,ABC001-103-01,Temporibus enim aspernatur fugiat minima ut.,AE Decode 5,Body System 4,2014-04-08,,35
ABC001,ABC001-103-01,Repellat voluptas mollitia ea ut temporibus.,AE Decode 7,Body System 7,2014-03-30,2014-05-23,36
ABC001,ABC001-201-01,Ipsum inventore corrupti.,AE Decode 7,Body System 4,2014-07-01,2014-07-05,37
ABC001,ABC001-201-01,Qui aliquam et voluptas autem.,AE Decode 7,Body System 2,2014-06-13,,38
ABC001,ABC001-201-02,Sit illo doloribus.,AE Decode 1,Body System 9,2014-07-28,,39
ABC001,ABC001-201-02,Corporis voluptas veniam quidem similique.,AE Decode 8,Body System 5,2014-09-24,,40
ABC001,ABC001-201-02,Rerum autem sit aut necessitatibus ad consequatur.,AE Decode 1,Body System 9,2014-09-10,,41
ABC001,ABC001-201-02,Commodi aperiam eligendi debitis nostrum asperiores voluptas.,AE Decode 7,Body System 4,2014-09-01,2014-09-09,42
ABC001,ABC001-201-03,Ut animi non vel fugit amet maxime.,AE Decode 2,Body System 6,2014-03-17,2014-03-18,43
ABC001,ABC001-201-03,Sint nobis eligendi consequuntur ut omnis.,AE Decode 7,Body System 10,2014-05-02,,44
ABC001,ABC001-201-03,Natus aut earum veniam eum sequi commodi.,AE Decode 1,Body System 3,2014-03-30,2014-04-18,45
ABC001,ABC001-201-03,Tenetur est odit esse fuga.,AE Decode 3,Body System 4,2014-03-27,2014-04-10,46
ABC001,ABC001-201-03,Voluptas ratione amet qui reprehenderit mollitia.,AE Decode 1,Body System 2,2014-05-25,2014-05-27,47
ABC001,ABC001-201-03,Amet error reiciendis consequatur illum nemo dolor.,AE Decode 6,Body System 9,2014-04-06,2014-05-27,48
ABC001,ABC001-201-03,Velit quos omnis veritatis repellat aut nostrum.,AE Decode 8,Body System 3,2014-04-19,2014-04-27,49
ABC001,ABC001-201-03,Molestiae sed ut molestiae ad sit.,AE Decode 8,Body System 5,2014-04-18,,50
ABC001,ABC001-201-03,Et aperiam sit dolore quibusdam quidem harum.,AE Decode 7,Body System 9,2014-05-07,2014-05-19,51
ABC001,ABC001-201-03,Aut omnis.,AE Decode 4,Body System 3,2014-04-05,,52
ABC001,ABC001-201-05,Ab magni quis deserunt fuga velit.,AE Decode 7,Body System 3,2014-06-07,,53
ABC001,ABC001-201-07,Provident minus voluptate ea perferendis.,AE Decode 2,Body System 2,2014-06-29,,54
ABC001,ABC001-201-07,Non doloremque expedita explicabo modi praesentium quod.,AE Decode 7,Body System 5,2014-07-19,2014-08-07,55
ABC001,ABC001-201-07,Eos iusto cumque.,AE Decode 2,Body System 7,2014-07-29,,56
ABC001,ABC001-201-12,Asperiores omnis ut.,AE Decode 10,Body System 2,2014-08-11,2014-08-26,57
ABC001,ABC001-201-12,Quia eveniet numquam voluptatem exercitationem.,AE Decode 10,Body System 9,2014-08-24,,58
ABC001,ABC001-201-13,Cum nobis doloremque rerum.,AE Decode 2,Body System 5,2014-04-12,2014-04-21,59
ABC001,ABC001-201-13,Odit itaque assumenda quia velit qui.,AE Decode 4,Body System 4,2014-03-31,,60
ABC001,ABC001-201-13,Vero corrupti hic ad adipisci est.,AE Decode 1,Body System 10,2014-04-24,2014-05-05,61
ABC001,ABC001-201-13,Qui voluptas.,AE Decode 4,Body System 10,2014-04-19,,62
ABC001,ABC001-201-13,Repudiandae est laboriosam doloribus eum.,AE Decode 1,Body System 4,2014-04-10,,63
ABC001,ABC001-201-15,Ut iure ex eius.,AE Decode 9,Body System 7,2014-04-20,,64
ABC001,ABC001-201-15,Quia dolore exercitationem distinctio veniam.,AE Decode 4,Body System 10,2014-04-14,2014-05-01,65
ABC001,ABC001-201-16,In ab voluptatibus dolor eligendi.,AE Decode 3,Body System 5,2014-04-04,,66
ABC001,ABC001-201-16,Expedita aliquam nesciunt culpa ex.,AE Decode 3,Body System 3,2014-05-05,,67
ABC001,ABC001-201-17,Iusto assumenda similique sequi non.,AE Decode 2,Body System 7,2014-06-14,,68
ABC001,ABC001-201-17,Est fugit veniam architecto.,AE Decode 5,Body System 8,2014-06-14,2014-06-15,69
ABC001,ABC001-201-17,Sed porro optio laboriosam et architecto.,AE Decode 2,Body System 5,2014-07-01,2014-07-17,70
ABC001,ABC001-201-17,Aliquid culpa sit aut non.,AE Decode 4,Body System 4,2014-05-09,,71
ABC001,ABC001-201-18,Ut officia labore et incidunt tenetur dolores.,AE Decode 5,Body System 7,2014-11-27,2014-12-07,72
ABC001,ABC001-201-18,Soluta distinctio eius tempora laboriosam quas exercitationem.,AE Decode 7,Body System 5,2014-11-28,2014-11-29,73
ABC001,ABC001-201-18,Occaecati qui eos.,AE Decode 1,Body System 1,2014-10-09,2014-11-29,74
ABC001,ABC001-201-18,Omnis voluptate et quisquam.,AE Decode 10,Body System 5,2014-12-07,2014-12-07,75
ABC001,ABC001-201-18,Nostrum cumque est.,AE Decode 4,Body System 3,2014-11-04,,76
ABC001,ABC001-301-01,Expedita cumque repellendus omnis ducimus accusantium odio.,AE Decode 1,Body System 8,2014-08-28,2014-10-16,77
ABC001,ABC001-301-01,Qui possimus optio tempore.,AE Decode 2,Body System 10,2014-09-04,,78
ABC001,ABC001-301-01,Architecto officiis voluptas illo.,AE Decode 10,Body System 10,2014-10-06,2014-10-15,79
ABC001,ABC001-301-01,Reprehenderit quis autem ad suscipit.,AE Decode 4,Body System 2,2014-09-24,2014-09-25,80
ABC001,ABC001-301-02,Sint ut aut voluptas sed.,AE Decode 2,Body System 9,2014-09-07,,81
ABC001,ABC001-301-02,Voluptas animi veritatis.,AE Decode 4,Body System 2,2014-08-24,2014-09-08,82
ABC001,ABC001-301-03,Commodi et voluptatibus eaque cumque perspiciatis.,AE Decode 6,Body System 10,2014-07-15,,83
ABC001,ABC001-301-03,In animi inventore repellat.,AE Decode 10,Body System 7,2014-08-18,,84
ABC001,ABC001-301-03,Qui quo corrupti ut ea dolorem.,AE Decode 7,Body System 8,2014-08-06,2014-09-05,85
ABC001,ABC001-301-03,Iure laudantium consequatur.,AE Decode 2,Body System 3,2014-07-14,2014-07-26,86
ABC001,ABC001-301-04,Sequi sit commodi fuga qui id.,AE Decode 7,Body System 4,2014-05-29,,87
ABC001,ABC001-301-05,Quae corrupti aspernatur voluptas distinctio velit recusandae.,AE Decode 7,Body System 4,2014-07-30,,88
ABC001,ABC001-301-05,Id voluptatem est dolorem.,AE Decode 5,Body System 9,2014-07-23,,89
ABC001,ABC001-301-05,Et quasi sunt ad.,AE Decode 7,Body System 2,2014-07-09,,90
ABC001,ABC001-301-05,Dolorum qui beatae dolor.,AE Decode 1,Body System 10,2014-05-20,,91
ABC001,ABC001-301-06,In qui aut voluptatum et voluptatem quod.,AE Decode 3,Body System 3,2015-01-15,,92
ABC001,ABC001-301-06,Deserunt ea nostrum.,AE Decode 9,Body System 4,2015-01-21,,93
ABC001,ABC001-302-01,Nostrum quasi voluptatem est voluptas necessitatibus.,AE Decode 3,Body System 10,2014-07-13,2014-07-15,94
ABC001,ABC001-302-01,Impedit exercitationem quidem doloribus laboriosam in.,AE Decode 1,Body System 10,2014-07-20,2014-07-20,95
ABC001,ABC001-302-01,Illo ea maiores omnis possimus soluta.,AE Decode 6,Body System 7,2014-05-16,2014-06-26,96
ABC001,ABC001-302-02,Sit hic sapiente enim laudantium.,AE Decode 8,Body System 4,2014-06-24,2014-06-24,97
ABC001,ABC001-302-02,Fuga adipisci quia quo et beatae.,AE Decode 5,Body System 1,2014-06-20,2014-06-23,98
ABC001,ABC001-302-02,Nisi soluta recusandae et quos possimus.,AE Decode 4,Body System 4,2014-06-23,,99
ABC001,ABC001-304-01,In beatae at.,AE Decode 10,Body System 2,2014-05-04,,100
ABC001,ABC001-304-01,Perspiciatis architecto et aliquid distinctio ea.,AE Decode 10,Body System 6,2014-04-15,,101
ABC001,ABC001-304-01,Quasi laborum accusantium molestias.,AE Decode 2,Body System 9,2014-03-30,2014-04-24,102
ABC001,ABC001-304-02,Minus corrupti et distinctio.,AE Decode 4,Body System 10,2014-04-30,2014-05-08,103
ABC001,ABC001-304-05,Deleniti delectus in et voluptatibus non molestias.,AE Decode 9,Body System 6,2014-04-02,2014-04-10,104
ABC001,ABC001-304-05,Consequatur et voluptatum quidem consequatur adipisci.,AE Decode 2,Body System 7,2014-03-13,,105
ABC001,ABC001-304-06,Non quia libero.,AE Decode 4,Body System 6,2014-05-31,2014-06-07,106
ABC001,ABC001-304-06,Quia ut in quia.,AE Decode 4,Body System 10,2014-06-10,,107
ABC001,ABC001-304-06,Sint recusandae qui aut.,AE Decode 2,Body System 5,2014-06-04,,108
ABC001,ABC001-304-06,Cupiditate delectus.,AE Decode 6,Body System 5,2014-06-01,,109
ABC001,ABC001-304-06,Sed dolorem.,AE Decode 2,Body System 7,2014-05-12,2014-06-02,110
ABC001,ABC001-304-06,Nobis et vero voluptatem eum.,AE Decode 10,Body System 2,2014-05-28,2014-06-02,111
ABC001,ABC001-304-06,Beatae doloribus rerum ut.,AE Decode 1,Body System 5,2014-04-05,,112
ABC001,ABC001-304-06,Architecto enim sequi nulla dolores quibusdam.,AE Decode 7,Body System 7,2014-05-22,,113
ABC001,ABC001-304-06,Quaerat consequatur ullam.,AE Decode 5,Body System 8,2014-04-08,2014-05-18,114
ABC001,ABC001-305-01,Inventore labore natus ipsam.,AE Decode 3,Body System 2,2014-03-19,2014-03-19,115
ABC001,ABC001-305-02,Aut neque architecto est delectus nisi quos.,AE Decode 2,Body System 10,2014-03-31,2014-04-04,116
ABC001,ABC001-305-03,Soluta id tempora voluptate.,AE Decode 5,Body System 5,2014-06-23,2014-06-24,117
ABC001,ABC001-305-03,Dolores qui eum consequatur.,AE Decode 8,Body System 6,2014-04-10,,118
ABC001,ABC001-305-03,Reiciendis debitis eum id dicta vitae facilis.,AE Decode 6,Body System 3,2014-06-05,,119
ABC001,ABC001-305-03,Earum sed libero cupiditate numquam nemo inventore.,AE Decode 9,Body System 5,2014-06-04,,120
ABC001,ABC001-305-04,Odio quo molestiae quidem porro ipsam et.,AE Decode 9,Body System 5,2014-07-20,,121
ABC001,ABC001-305-04,Quaerat nemo quae est.,AE Decode 4,Body System 7,2014-06-18,,122
ABC001,ABC001-305-04,Fugiat et sapiente illum amet odio.,AE Decode 1,Body System 7,2014-06-24,,123
ABC001,ABC001-305-04,Facilis sint fugit recusandae.,AE Decode 6,Body System 2,2014-07-24,,124
ABC001,ABC001-305-04,Sit officia aut mollitia laborum voluptatum voluptatem.,AE Decode 6,Body System 9,2014-07-26,2014-07-26,125
ABC001,ABC001-305-04,Qui perferendis eveniet nemo.,AE Decode 3,Body System 6,2014-06-26,,126
ABC001,ABC001-401-01,Enim quidem.,AE Decode 1,Body System 9,2014-06-10,,127
ABC001,ABC001-401-02,Blanditiis accusamus eum excepturi officia.,AE Decode 10,Body System 3,2014-05-10,,128
ABC001,ABC001-401-02,Vero et.,AE Decode 3,Body System 2,2014-04-05,,129
ABC001,ABC001-401-02,Sunt consequatur.,AE Decode 8,Body System 7,2014-04-10,,130
ABC001,ABC001-401-02,Fugiat doloremque expedita tempore repellendus eius.,AE Decode 5,Body System 1,2014-05-25,2014-06-09,131
ABC001,ABC001-401-02,Maxime sed.,AE Decode 5,Body System 3,2014-05-22,,132
ABC001,ABC001-401-02,Non quo omnis qui dicta.,AE Decode 10,Body System 7,2014-05-18,2014-05-20,133
ABC001,ABC001-401-02,A enim deserunt illum ut.,AE Decode 4,Body System 9,2014-04-17,,134
ABC001,ABC001-401-02,Repellat quae reprehenderit a vitae dolores.,AE Decode 9,Body System 7,2014-04-15,,135
ABC001,ABC001-401-02,Sapiente ut quia.,AE Decode 7,Body System 7,2014-06-19,,136
ABC001,ABC001-401-02,Delectus itaque ut eaque.,AE Decode 8,Body System 4,2014-04-20,,137
ABC001,ABC001-401-03,Rerum sed saepe sunt placeat eaque illum.,AE Decode 3,Body System 5,2014-06-25,2014-07-07,138
ABC001,ABC001-401-03,Alias harum deleniti odit et eligendi nobis.,AE Decode 3,Body System 3,2014-08-23,,139
ABC001,ABC001-401-04,Expedita numquam repellendus fuga sit molestias.,AE Decode 9,Body System 9,2014-04-25,,140
ABC001,ABC001-401-04,Suscipit dolor error molestiae omnis.,AE Decode 8,Body System 1,2014-04-29,,141
ABC001,ABC001-401-05,Quidem et illum.,AE Decode 10,Body System 9,2014-09-25,,142
ABC001,ABC001-402-02,Sed dolorem quae perferendis.,AE Decode 10,Body System 7,2014-02-24,,143
ABC001,ABC001-402-02,Harum ut dolor ut.,AE Decode 7,Body System 8,2014-05-03,2014-05-05,144
ABC001,ABC001-402-02,Et officiis vel.,AE Decode 6,Body System 4,2014-04-30,,145
ABC001,ABC001-402-03,Qui mollitia eum qui animi.,AE Decode 10,Body System 5,2014-03-04,,146
ABC001,ABC001-402-03,Aperiam est ea dolorum.,AE Decode 6,Body System 2,2014-03-28,2014-04-01,147
ABC001,ABC001-402-04,Explicabo dolor voluptas ipsum rem ut omnis.,AE Decode 7,Body System 1,2014-03-08,2014-04-01,148
ABC001,ABC001-402-04,Totam et possimus fugiat quasi ut explicabo.,AE Decode 7,Body System 5,2014-05-09,2014-05-09,149
ABC001,ABC001-402-05,Expedita velit doloribus est aliquid.,AE Decode 1,Body System 8,2014-07-14,,150
ABC001,ABC001-402-05,Doloremque vitae quam fuga recusandae facere omnis.,AE Decode 5,Body System 7,2014-08-04,,151
ABC001,ABC001-403-02,Sed distinctio aut consectetur quam dolor deserunt.,AE Decode 9,Body System 5,2014-03-30,2014-05-03,152
ABC001,ABC001-403-02,Animi saepe pariatur quae sit accusamus.,AE Decode 7,Body System 8,2014-05-28,,153
ABC001,ABC001-403-02,Eaque quisquam.,AE Decode 10,Body System 7,2014-04-15,,154
ABC001,ABC001-403-02,Ipsa molestias fuga sapiente in.,AE Decode 1,Body System 5,2014-03-21,,155
ABC001,ABC001-403-02,Reiciendis dolorem ut officiis corporis.,AE Decode 2,Body System 1,2014-04-18,,156
ABC001,ABC001-403-02,Cum illum perferendis sunt ratione.,AE Decode 6,Body System 1,2014-03-15,,157
ABC001,ABC001-403-02,Error et veniam officiis aut omnis.,AE Decode 9,Body System 1,2014-04-21,2014-04-23,158
ABC001,ABC001-403-03,Rerum incidunt eligendi provident et non.,AE Decode 5,Body System 7,2014-04-15,,159
ABC001,ABC001-403-04,Voluptate omnis.,AE Decode 4,Body System 6,2014-08-15,,160
ABC001,ABC001-403-04,Inventore quia quod ab eligendi voluptatem officiis.,AE Decode 6,Body System 3,2014-07-28,,161
ABC001,ABC001-403-04,Ab nihil.,AE Decode 10,Body System 2,2014-08-26,,162
ABC001,ABC001-403-05,Voluptates nesciunt.,AE Decode 5,Body System 8,2014-07-26,2014-07-27,163
ABC001,ABC001-403-05,Dicta dolor sunt.,AE Decode 9,Body System 3,2014-07-03,,164
ABC001,ABC001-403-05,Sit similique aut.,AE Decode 3,Body System 3,2014-07-18,2014-07-18,165
ABC001,ABC001-403-06,Ullam quidem qui.,AE Decode 10,Body System 8,2014-03-07,2014-04-06,166
ABC001,ABC001-403-06,Soluta ad rem omnis id earum error.,AE Decode 7,Body System 5,2014-03-11,,167
ABC001,ABC001-403-06,Rerum sint voluptatem tempora ut suscipit harum.,AE Decode 10,Body System 4,2014-04-10,,168
ABC001,ABC001-403-06,Accusantium quia.,AE Decode 1,Body System 8,2014-05-15,,169
ABC001,ABC001-403-06,Nihil quas omnis cumque aliquam rerum voluptatum.,AE Decode 9,Body System 2,2014-04-13,2014-05-01,170
ABC001,ABC001-404-01,Ipsa et hic laboriosam itaque sit asperiores.,AE Decode 6,Body System 8,2014-08-14,2014-09-01,171
ABC001,ABC001-404-01,Qui labore qui impedit in suscipit aut.,AE Decode 10,Body System 2,2014-07-27,2014-09-01,172
ABC001,ABC001-404-02,Assumenda non omnis sunt eum harum.,AE Decode 9,Body System 8,2014-05-01,2014-06-01,173
ABC001,ABC001-404-02,Facilis earum repellat hic.,AE Decode 2,Body System 7,2014-04-04,,174
ABC001,ABC001-404-02,Ratione deleniti dicta et omnis.,AE Decode 3,Body System 8,2014-04-15,,175
ABC001,ABC001-404-02,Beatae velit molestiae harum natus qui dolores.,AE Decode 9,Body System 9,2014-06-04,2014-06-06,176
ABC001,ABC001-404-03,Veritatis beatae maxime qui.,AE Decode 7,Body System 2,2014-03-17,,177
ABC001,ABC001-404-04,Enim et ea cumque dignissimos.,AE Decode 7,Body System 5,2014-03-11,2014-04-04,178
ABC001,ABC001-404-05,Aut magni quasi dolores maiores eius qui.,AE Decode 2,Body System 8,2014-09-15,,179
ABC001,ABC001-404-05,Sit dolores omnis officia ut sed.,AE Decode 6,Body System 4,2014-10-19,2014-10-20,180
ABC001,ABC001-404-05,Rerum maiores impedit animi consequatur.,AE Decode 10,Body System 5,2014-08-20,2014-10-10,181
ABC001,ABC001-404-05,Similique optio voluptate eius.,AE Decode 4,Body System 10,2014-09-24,2014-10-30,182
ABC001,ABC001-404-05,Officia quia velit assumenda rerum quisquam iusto.,AE Decode 7,Body System 6,2014-10-31,,183
ABC001,ABC001-404-05,Et qui corrupti odit.,AE Decode 8,Body System 6,2014-10-20,2014-10-26,184
ABC001,ABC001-404-05,Veniam ducimus molestiae qui occaecati vel cum.,AE Decode 5,Body System 7,2014-08-30,,185
ABC001,ABC001-404-05,Neque expedita quisquam est ratione omnis.,AE Decode 4,Body System 2,2014-09-17,2014-09-20,186
ABC001,ABC001-404-06,Odio et eum non nulla.,AE Decode 2,Body System 6,2014-11-30,2014-12-10,187
ABC001,ABC001-404-06,Quos et officia praesentium perferendis et.,AE Decode 10,Body System 6,2014-10-23,,188
ABC001,ABC001-404-07,Inventore soluta labore qui quae.,AE Decode 7,Body System 10,2014-10-02,,189
ABC001,ABC001-404-08,Totam optio ullam.,AE Decode 9,Body System 2,2014-05-24,2014-05-24,190
ABC001,ABC001-404-08,Similique molestiae.,AE Decode 6,Body System 2,2014-06-04,2014-06-10,191
ABC001,ABC001-404-08,Rem veritatis cumque est quisquam.,AE Decode 10,Body System 1,2014-04-04,,192
ABC001,ABC001-404-08,Facere ex laboriosam ut repudiandae voluptas eaque.,AE Decode 1,Body System 2,2014-06-07,,193
ABC001,ABC001-501-01,Necessitatibus autem culpa quo rerum adipisci est.,AE Decode 6,Body System 2,2014-03-15,2014-03-24,194
ABC001,ABC001-501-02,Quia porro amet mollitia molestiae sapiente inventore.,AE Decode 4,Body System 10,2014-05-30,,195
ABC001,ABC001-501-02,Quidem amet.,AE Decode 10,Body System 2,2014-05-30,2014-06-05,196
ABC001,ABC001-501-02,Illum dolor doloribus at aut recusandae adipisci.,AE Decode 7,Body System 8,2014-06-09,2014-07-04,197
ABC001,ABC001-501-02,Nam facilis repellat quia maxime.,AE Decode 8,Body System 6,2014-06-03,2014-06-15,198
ABC001,ABC001-501-02,Est eveniet quia non aut.,AE Decode 10,Body System 8,2014-06-03,2014-06-28,199
ABC001,ABC001-501-02,Cumque aliquid atque reprehenderit neque soluta.,AE Decode 3,Body System 3,2014-04-24,,200
ABC001,ABC001-501-02,Nostrum et ab.,AE Decode 1,Body System 3,2014-05-16,,201
ABC001,ABC001-501-02,Voluptatem et nulla nemo tempora ea cum.,AE Decode 2,Body System 3,2014-05-28,2014-07-05,202
ABC001,ABC001-501-03,Et at.,AE Decode 3,Body System 7,2014-03-30,2014-06-04,203
ABC001,ABC001-501-04,Error et hic cupiditate.,AE Decode 1,Body System 6,2014-05-30,,204
ABC001,ABC001-501-04,Qui possimus ducimus repellendus aut consectetur sit.,AE Decode 8,Body System 8,2014-05-23,,205
ABC001,ABC001-501-04,Quae quo.,AE Decode 4,Body System 8,2014-04-21,2014-05-23,206
ABC001,ABC001-501-04,Deserunt rerum numquam aut enim.,AE Decode 9,Body System 5,2014-03-18,,207
ABC001,ABC001-501-04,Omnis enim adipisci quae.,AE Decode 4,Body System 2,2014-05-07,,208
ABC001,ABC001-501-04,Sed dolore a est ut.,AE Decode 4,Body System 7,2014-04-08,2014-04-09,209
ABC001,ABC001-501-04,Est ut perferendis nisi ratione nostrum.,AE Decode 7,Body System 10,2014-05-18,2014-05-26,210
ABC001,ABC001-501-05,Quis cupiditate saepe.,AE Decode 3,Body System 5,2014-03-24,,211
ABC001,ABC001-501-05,Fuga at.,AE Decode 9,Body System 6,2014-04-09,2014-04-12,212
ABC001,ABC001-502-01,Qui mollitia reiciendis est.,AE Decode 3,Body System 1,2014-03-29,,213
ABC001,ABC001-502-01,Voluptatibus est.,AE Decode 10,Body System 4,2014-03-13,2014-03-15,214
ABC001,ABC001-502-02,Nihil esse veritatis temporibus occaecati.,AE Decode 7,Body System 2,2014-08-19,2014-09-17,215
ABC001,ABC001-502-02,Deserunt occaecati a est ducimus sequi labore.,AE Decode 6,Body System 2,2014-07-06,2014-09-04,216
ABC001,ABC001-502-02,Aut quia alias occaecati quasi.,AE Decode 6,Body System 5,2014-09-08,2014-09-20,217
ABC001,ABC001-502-05,At qui hic unde placeat totam.,AE Decode 4,Body System 1,2014-03-26,2014-05-15,218
ABC001,ABC001-502-05,Dolorum ratione.,AE Decode 6,Body System 5,2014-06-09,,219
ABC001,ABC001-502-05,Maxime facilis ut amet et exercitationem.,AE Decode 7,Body System 5,2014-05-17,2014-05-26,220
ABC001,ABC001-502-05,Aliquid qui aperiam sit qui sequi.,AE Decode 6,Body System 8,2014-04-19,,221
ABC001,ABC001-502-05,Laborum dicta sed voluptatibus non rerum quas.,AE Decode 10,Body System 3,2014-04-15,2014-05-12,222
ABC001,ABC001-502-05,Dolorem sit et aut.,AE Decode 8,Body System 2,2014-03-25,2014-04-06,223
ABC001,ABC001-502-05,Neque labore ut.,AE Decode 7,Body System 3,2014-04-17,2014-05-02,224
ABC001,ABC001-502-06,Veritatis molestias.,AE Decode 5,Body System 2,2014-03-02,,225
ABC001,ABC001-502-06,Doloremque inventore qui nulla.,AE Decode 10,Body System 2,2014-03-06,2014-04-01,226
ABC001,ABC001-502-06,Saepe sit.,AE Decode 10,Body System 3,2014-03-20,,227
ABC001,ABC001-502-06,Consequatur aut suscipit.,AE Decode 7,Body System 8,2014-03-12,,228
ABC001,ABC001-502-07,Omnis consequatur doloremque adipisci voluptatum.,AE Decode 7,Body System 1,2014-04-03,2014-04-04,229
ABC001,ABC001-503-01,Laboriosam ut et earum aut dolores officiis.,AE Decode 3,Body System 7,2014-03-20,2014-04-17,230
ABC001,ABC001-503-01,Nihil officiis.,AE Decode 3,Body System 10,2014-03-13,2014-04-11,231
ABC001,ABC001-503-01,Qui repellat vitae et dolore.,AE Decode 9,Body System 5,2014-03-22,2014-04-16,232
ABC001,ABC001-503-02,Ducimus deleniti animi voluptates beatae.,AE Decode 9,Body System 3,2014-04-24,2014-04-24,233
ABC001,ABC001-503-02,Harum iure.,AE Decode 5,Body System 6,2014-04-26,,234
ABC001,ABC001-503-02,In fugiat ipsa qui quo voluptatum.,AE Decode 4,Body System 10,2014-04-01,,235
ABC001,ABC001-503-02,Laudantium dolorum.,AE Decode 5,Body System 7,2014-04-19,2014-05-01,236
ABC001,ABC001-503-02,Aperiam aut eaque.,AE Decode 2,Body System 6,2014-04-28,2014-04-30,237
ABC001,ABC001-503-02,Sunt enim necessitatibus et ab.,AE Decode 5,Body System 2,2014-03-02,2014-03-04,238
ABC001,ABC001-503-04,Natus adipisci accusamus nulla quis omnis.,AE Decode 9,Body System 6,2014-04-19,,239
ABC001,ABC001-503-04,Omnis nam.,AE Decode 10,Body System 6,2014-04-12,2014-05-03,240
ABC001,ABC001-503-04,Et inventore quis exercitationem temporibus maiores ut.,AE Decode 9,Body System 3,2014-04-17,2014-04-25,241
