{
  "name": "--NAME--",
  "title": "--TITLE--",
  "resources": [
    {
      "path": "sv.csv",
      "format": "csv",
      "dialect": {
        "delimiter": ","
      },
      "mediatype": "text/csv",
      "schema": {
        "fields": [
          {
            "name": "studyid",
            "type": "string"
          },
          {
            "name": "usubjid",
            "type": "string"
          },
          {
            "name": "visitnum",
            "type": "integer",
            "constraints": {
              "minimum": "1",
              "maximum": "7"
            }
          },
          {
            "name": "visit",
            "type": "string"
          },
          {
            "name": "visitdy",
            "type": "integer",
            "constraints": {
              "minimum": "-16",
              "maximum": "74"
            }
          },
          {
            "name": "svstdtc",
            "type": "date",
            "constraints": {
              "minimum": "2014-02-16",
              "maximum": "2015-02-12"
            }
          },
          {
            "name": "svendtc",
            "type": "date",
            "constraints": {
              "minimum": "2014-02-16",
              "maximum": "2015-02-12"
            }
          },
          {
            "name": "svstdy",
            "type": "integer",
            "constraints": {
              "minimum": "-16",
              "maximum": "73"
            }
          },
          {
            "name": "svendy",
            "type": "integer",
            "constraints": {
              "minimum": "-16",
              "maximum": "73"
            }
          }
        ]
      }
    },
    {
      "path": "ex.csv",
      "format": "csv",
      "dialect": {
        "delimiter": ","
      },
      "mediatype": "text/csv",
      "schema": {
        "fields": [
          {
            "name": "studyid",
            "type": "string"
          },
          {
            "name": "usubjid",
            "type": "string"
          },
          {
            "name": "exseq",
            "type": "integer",
            "constraints": {
              "minimum": "1",
              "maximum": "393"
            }
          },
          {
            "name": "exdose",
            "type": "integer",
            "constraints": {
              "minimum": "0",
              "maximum": "50"
            }
          },
          {
            "name": "exstdtc",
            "type": "date",
            "constraints": {
              "minimum": "2014-03-01",
              "maximum": "2015-02-12"
            }
          },
          {
            "name": "exstdy",
            "type": "integer",
            "constraints": {
              "minimum": "0",
              "maximum": "73"
            }
          }
        ]
      }
    },
    {
      "path": "adlb_pc.csv",
      "format": "csv",
      "dialect": {
        "delimiter": ","
      },
      "mediatype": "text/csv",
      "schema": {
        "fields": [
          {
            "name": "lbtest",
            "type": "string"
          },
          {
            "name": "lbstresn",
            "type": "number",
            "constraints": {
              "minimum": "3.1",
              "maximum": "160.9"
            }
          },
          {
            "name": "visit",
            "type": "string"
          },
          {
            "name": "lbnrind",
            "type": "string"
          },
          {
            "name": "actarm",
            "type": "string"
          }
        ]
      }
    },
    {
      "path": "adae.csv",
      "format": "csv",
      "dialect": {
        "delimiter": ","
      },
      "mediatype": "text/csv",
      "schema": {
        "fields": [
          {
            "name": "studyid",
            "type": "string"
          },
          {
            "name": "usubjid",
            "type": "string"
          },
          {
            "name": "aeterm",
            "type": "string"
          },
          {
            "name": "aedecod",
            "type": "string"
          },
          {
            "name": "aebodsys",
            "type": "string"
          },
          {
            "name": "aesev",
            "type": "string"
          },
          {
            "name": "aeser",
            "type": "string"
          },
          {
            "name": "aestdtc",
            "type": "date",
            "constraints": {
              "minimum": "2014-02-22",
              "maximum": "2015-01-28"
            }
          },
          {
            "name": "aestdy",
            "type": "integer",
            "constraints": {
              "minimum": "-14",
              "maximum": "72"
            }
          },
          {
            "name": "aeseq",
            "type": "integer",
            "constraints": {
              "minimum": "1",
              "maximum": "299"
            }
          },
          {
            "name": "aeendtc",
            "type": "date",
            "constraints": {
              "minimum": "2014-03-04",
              "maximum": "2015-02-05"
            }
          },
          {
            "name": "aeendy",
            "type": "integer",
            "constraints": {
              "minimum": "-13",
              "maximum": "73"
            }
          },
          {
            "name": "age",
            "type": "integer",
            "constraints": {
              "minimum": "18",
              "maximum": "65"
            }
          },
          {
            "name": "sex",
            "type": "string"
          },
          {
            "name": "country",
            "type": "string"
          },
          {
            "name": "arm",
            "type": "string"
          },
          {
            "name": "armcd",
            "type": "string"
          },
          {
            "name": "actarm",
            "type": "string"
          },
          {
            "name": "actarmcd",
            "type": "string"
          },
          {
            "name": "invnam",
            "type": "string"
          },
          {
            "name": "siteid",
            "type": "integer",
            "constraints": {
              "minimum": "101",
              "maximum": "801"
            }
          }
        ]
      }
    },
    {
      "path": "ae.csv",
      "format": "csv",
      "dialect": {
        "delimiter": ","
      },
      "mediatype": "text/csv",
      "schema": {
        "fields": [
          {
            "name": "studyid",
            "type": "string"
          },
          {
            "name": "usubjid",
            "type": "string"
          },
          {
            "name": "aeterm",
            "type": "string"
          },
          {
            "name": "aedecod",
            "type": "string"
          },
          {
            "name": "aebodsys",
            "type": "string"
          },
          {
            "name": "aesev",
            "type": "string"
          },
          {
            "name": "aeser",
            "type": "string"
          },
          {
            "name": "aestdtc",
            "type": "date",
            "constraints": {
              "minimum": "2014-02-22",
              "maximum": "2015-01-28"
            }
          },
          {
            "name": "aestdy",
            "type": "integer",
            "constraints": {
              "minimum": "-14",
              "maximum": "72"
            }
          },
          {
            "name": "aeseq",
            "type": "integer",
            "constraints": {
              "minimum": "1",
              "maximum": "299"
            }
          },
          {
            "name": "aeendtc",
            "type": "date",
            "constraints": {
              "minimum": "2014-03-04",
              "maximum": "2015-02-05"
            }
          },
          {
            "name": "aeendy",
            "type": "integer",
            "constraints": {
              "minimum": "-13",
              "maximum": "73"
            }
          }
        ]
      }
    },
    {
      "path": "lb.csv",
      "format": "csv",
      "dialect": {
        "delimiter": ","
      },
      "mediatype": "text/csv",
      "schema": {
        "fields": [
          {
            "name": "studyid",
            "type": "string"
          },
          {
            "name": "usubjid",
            "type": "string"
          },
          {
            "name": "lbseq",
            "type": "integer",
            "constraints": {
              "minimum": "1",
              "maximum": "493"
            }
          },
          {
            "name": "lbtestcd",
            "type": "string"
          },
          {
            "name": "lbtest",
            "type": "string"
          },
          {
            "name": "lbstresn",
            "type": "number",
            "constraints": {
              "minimum": "3.1",
              "maximum": "160.9"
            }
          },
          {
            "name": "lbstresu",
            "type": "string"
          },
          {
            "name": "lbstnrlo",
            "type": "number",
            "constraints": {
              "minimum": "3.4",
              "maximum": "60.0"
            }
          },
          {
            "name": "lbstnrhi",
            "type": "number",
            "constraints": {
              "minimum": "4.7",
              "maximum": "115.0"
            }
          },
          {
            "name": "visitnum",
            "type": "integer",
            "constraints": {
              "minimum": "1",
              "maximum": "7"
            }
          },
          {
            "name": "visit",
            "type": "string"
          },
          {
            "name": "visitdy",
            "type": "integer",
            "constraints": {
              "minimum": "-16",
              "maximum": "74"
            }
          },
          {
            "name": "lbnrind",
            "type": "string"
          }
        ]
      }
    },
    {
      "path": "dm.csv",
      "format": "csv",
      "dialect": {
        "delimiter": ","
      },
      "mediatype": "text/csv",
      "schema": {
        "fields": [
          {
            "name": "studyid",
            "type": "string"
          },
          {
            "name": "siteid",
            "type": "integer",
            "constraints": {
              "minimum": "101",
              "maximum": "801"
            }
          },
          {
            "name": "subjid",
            "type": "string"
          },
          {
            "name": "usubjid",
            "type": "string"
          },
          {
            "name": "invnam",
            "type": "string"
          },
          {
            "name": "country",
            "type": "string"
          },
          {
            "name": "sex",
            "type": "string"
          },
          {
            "name": "armcd",
            "type": "string"
          },
          {
            "name": "arm",
            "type": "string"
          },
          {
            "name": "actarmcd",
            "type": "string"
          },
          {
            "name": "actarm",
            "type": "string"
          },
          {
            "name": "rfstdtc",
            "type": "date",
            "constraints": {
              "minimum": "2014-03-01",
              "maximum": "2014-12-29"
            }
          },
          {
            "name": "rfendtc",
            "type": "date",
            "constraints": {
              "minimum": "2014-03-01",
              "maximum": "2015-02-12"
            }
          },
          {
            "name": "age",
            "type": "integer",
            "constraints": {
              "minimum": "18",
              "maximum": "65"
            }
          },
          {
            "name": "ageu",
            "type": "string"
          },
          {
            "name": "domain",
            "type": "string"
          }
        ]
      }
    },
    {
      "path": "reports.csv",
      "format": "csv",
      "dialect": {
        "delimiter": ","
      },
      "mediatype": "text/csv",
      "schema": {
        "fields": [
          {
            "name": "outid",
            "type": "string"
          },
          {
            "name": "ord",
            "type": "integer",
            "constraints": {
              "minimum": "1",
              "maximum": "17"
            }
          },
          {
            "name": "col1",
            "type": "string"
          },
          {
            "name": "pbo_1",
            "type": "integer",
            "constraints": {
              "minimum": "1",
              "maximum": "13"
            }
          },
          {
            "name": "trta_1",
            "type": "integer",
            "constraints": {
              "minimum": "1",
              "maximum": "25"
            }
          },
          {
            "name": "trtb_1",
            "type": "integer",
            "constraints": {
              "minimum": "1",
              "maximum": "15"
            }
          },
          {
            "name": "trtc_1",
            "type": "integer",
            "constraints": {
              "minimum": "1",
              "maximum": "21"
            }
          },
          {
            "name": "pbo_2",
            "type": "integer",
            "constraints": {
              "minimum": "1",
              "maximum": "39"
            }
          },
          {
            "name": "trta_2",
            "type": "integer",
            "constraints": {
              "minimum": "1",
              "maximum": "79"
            }
          },
          {
            "name": "trtb_2",
            "type": "integer",
            "constraints": {
              "minimum": "1",
              "maximum": "68"
            }
          },
          {
            "name": "trtc_2",
            "type": "integer",
            "constraints": {
              "minimum": "1",
              "maximum": "108"
            }
          },
          {
            "name": "pbo_3",
            "type": "number",
            "constraints": {
              "minimum": "7.1",
              "maximum": "92.9"
            }
          },
          {
            "name": "trta_3",
            "type": "number",
            "constraints": {
              "minimum": "3.3",
              "maximum": "83.3"
            }
          },
          {
            "name": "trtb_3",
            "type": "number",
            "constraints": {
              "minimum": "4.8",
              "maximum": "71.4"
            }
          },
          {
            "name": "trtc_3",
            "type": "number",
            "constraints": {
              "minimum": "4.8",
              "maximum": "100.0"
            }
          },
          {
            "name": "b_pbo",
            "type": "integer",
            "constraints": {
              "minimum": "5",
              "maximum": "14"
            }
          },
          {
            "name": "b_trta",
            "type": "integer",
            "constraints": {
              "minimum": "10",
              "maximum": "30"
            }
          },
          {
            "name": "b_trtb",
            "type": "integer",
            "constraints": {
              "minimum": "10",
              "maximum": "21"
            }
          },
          {
            "name": "b_trtc",
            "type": "integer",
            "constraints": {
              "minimum": "10",
              "maximum": "21"
            }
          }
        ]
      }
    },
    {
      "path": "adlb.csv",
      "format": "csv",
      "dialect": {
        "delimiter": ","
      },
      "mediatype": "text/csv",
      "schema": {
        "fields": [
          {
            "name": "studyid",
            "type": "string"
          },
          {
            "name": "usubjid",
            "type": "string"
          },
          {
            "name": "lbseq",
            "type": "integer",
            "constraints": {
              "minimum": "1",
              "maximum": "493"
            }
          },
          {
            "name": "lbtestcd",
            "type": "string"
          },
          {
            "name": "lbtest",
            "type": "string"
          },
          {
            "name": "lbstresn",
            "type": "number",
            "constraints": {
              "minimum": "3.1",
              "maximum": "160.9"
            }
          },
          {
            "name": "lbstresu",
            "type": "string"
          },
          {
            "name": "lbstnrlo",
            "type": "number",
            "constraints": {
              "minimum": "3.4",
              "maximum": "60.0"
            }
          },
          {
            "name": "lbstnrhi",
            "type": "number",
            "constraints": {
              "minimum": "4.7",
              "maximum": "115.0"
            }
          },
          {
            "name": "visitnum",
            "type": "integer",
            "constraints": {
              "minimum": "1",
              "maximum": "7"
            }
          },
          {
            "name": "visit",
            "type": "string"
          },
          {
            "name": "visitdy",
            "type": "integer",
            "constraints": {
              "minimum": "-16",
              "maximum": "74"
            }
          },
          {
            "name": "lbnrind",
            "type": "string"
          },
          {
            "name": "age",
            "type": "integer",
            "constraints": {
              "minimum": "18",
              "maximum": "65"
            }
          },
          {
            "name": "sex",
            "type": "string"
          },
          {
            "name": "country",
            "type": "string"
          },
          {
            "name": "arm",
            "type": "string"
          },
          {
            "name": "armcd",
            "type": "string"
          },
          {
            "name": "actarm",
            "type": "string"
          },
          {
            "name": "actarmcd",
            "type": "string"
          },
          {
            "name": "invnam",
            "type": "string"
          },
          {
            "name": "siteid",
            "type": "integer",
            "constraints": {
              "minimum": "101",
              "maximum": "801"
            }
          }
        ]
      }
    },
    {
      "path": "report_titles.csv",
      "format": "csv",
      "dialect": {
        "delimiter": ","
      },
      "mediatype": "text/csv",
      "schema": {
        "fields": [
          {
            "name": "outid",
            "type": "string"
          },
          {
            "name": "title",
            "type": "string"
          }
        ]
      }
    }
  ]
}